playlist_id,video_id,title,published,view_count,like_count,comment_count,duration,definition,tags,default_audio_language,madeforkid,playlist_title,channel_id,channelTitle,playlist_published,playlist_numvideo
PLBZBJbE_rGRUEmh9vPOYi9qjAoPaZ64gF,RwOC7onT48Y,I Created a New Q&A Website for Coders with Python | Devlog #1,2020-04-23T02:06:57Z,159278,4305,432,PT8M16S,hd,"['python', 'coding', 'development', 'python dev', 'python books', 'python project', 'coders', 'learn to code', 'python tutorial', 'python tutorial beginner']",en,False,CS Dojo's Devlog,UCxX9wt5FWQUAAz4UrysqK9A,CS Dojo,2020-04-23T01:30:46Z,3.0
PLBZBJbE_rGRUEmh9vPOYi9qjAoPaZ64gF,bI5jpueiCWw,Why and How I Used Vue.js for My Python/Django Web App (and why not React),2020-05-30T01:44:22Z,154526,3718,361,PT20M34S,hd,,en,False,CS Dojo's Devlog,UCxX9wt5FWQUAAz4UrysqK9A,CS Dojo,2020-04-23T01:30:46Z,3.0
PLBZBJbE_rGRUEmh9vPOYi9qjAoPaZ64gF,zH3zyZ4q0oU,Making a Snake Game Where You're the Food in Python,2021-03-11T07:30:52Z,236767,4994,295,PT19M34S,hd,"['python', 'python tutorial', 'python terminal snake', 'python snake game', 'snake game python']",en,False,CS Dojo's Devlog,UCxX9wt5FWQUAAz4UrysqK9A,CS Dojo,2020-04-23T01:30:46Z,3.0
PLBZBJbE_rGRXBhJNdKbN7IUy-ctlOFxA1,UyQn0BhVqNU,Watch me build a real startup with Python and JavaScript | Web Development | Build A Startup #1,2018-10-18T04:45:31Z,1476668,29389,1136,PT18M34S,hd,"['python', 'javascript', 'django', 'django tutorial', 'django setup', 'python setup', 'homebrew', 'brew', 'mac', 'windows', 'linux', 'programming', 'startup', 'start-up', 'startups', 'start-ups', 'react', 'reactjs', 'web development', 'web developers', 'edit dojo', 'editdojo']",en,False,Building a real startup with Python and JavaScript,UCxX9wt5FWQUAAz4UrysqK9A,CS Dojo,2018-10-19T16:29:04Z,8.0
PLBZBJbE_rGRXBhJNdKbN7IUy-ctlOFxA1,h7rvyDK70FA,Making a Hello World App with Django | Web Development | Build a Startup #2,2018-10-23T03:20:27Z,256660,4522,314,PT13M33S,hd,"['django hello world', 'django tutorial', 'django tutorial series', 'django complete tutorial', 'django tutorial beginner', 'build a startup', 'cs dojo', 'python tutorial', 'python tutorial beginner', 'startup', 'entrepreneurship']",en,False,Building a real startup with Python and JavaScript,UCxX9wt5FWQUAAz4UrysqK9A,CS Dojo,2018-10-19T16:29:04Z,8.0
PLBZBJbE_rGRXBhJNdKbN7IUy-ctlOFxA1,ovql0Ui3n_I,Making a To-Do App with Django | Web Development Tutorial | Build a Startup #3,2018-11-02T18:51:26Z,290748,4856,319,PT35M46S,hd,"['django todo app', 'django todo list app', 'to-do list app', 'django to-do', 'python todo app', 'python to-do app tutorial', 'django todo app tutorial', 'django todo-app tutorial', 'edit dojo', 'cs dojo', 'build a startup', 'startup', 'entrepreneurship', 'javascript', 'html', 'css']",en,False,Building a real startup with Python and JavaScript,UCxX9wt5FWQUAAz4UrysqK9A,CS Dojo,2018-10-19T16:29:04Z,8.0
PLBZBJbE_rGRXBhJNdKbN7IUy-ctlOFxA1,W0wWwglE1Vc,How To Create A Twitter Bot With Python | Build a Startup #4,2018-11-10T03:41:44Z,467926,9203,585,PT35M48S,hd,"['twitter bot python', 'instagram bot python', 'build a startup', 'edit dojo', 'python tutorial #15', 'python tutorial 15', 'csdojo', 'cs dojo', 'python scripts', 'python automation', 'automate', 'automate boring stuff with python']",en,False,Building a real startup with Python and JavaScript,UCxX9wt5FWQUAAz4UrysqK9A,CS Dojo,2018-10-19T16:29:04Z,8.0
PLBZBJbE_rGRXBhJNdKbN7IUy-ctlOFxA1,4SP_AY7GGxw,Using Dynamic Programming to Solve a Real-World Problem! | Build a Startup #5,2018-11-24T04:14:22Z,118737,2562,159,PT25M37S,hd,"['dynamic programming', 'dynamic programming application', 'dynamic programming javascript', 'dynamic programming js', 'text difference finder', 'text difference', 'dp applicatoin', 'dp application', 'dp javascript', 'dp js', 'cs dojo', 'start a start up 5', 'build a startup 5', 'csdojo']",en,False,Building a real startup with Python and JavaScript,UCxX9wt5FWQUAAz4UrysqK9A,CS Dojo,2018-10-19T16:29:04Z,8.0
PLBZBJbE_rGRXBhJNdKbN7IUy-ctlOFxA1,jDn7kwBYnyE,Coding Twitter Integration & I Won A Startup Competition! (VLOG) | Build a Startup #6,2018-12-04T06:44:48Z,120878,2290,229,PT16M1S,hd,"['twitter integration', 'programming vlog', 'developer vlog', 'startup vlog', 'day in the life of an entrepreneru', 'day in the life of an entrepreneur', 'day in the life of a startup founder', 'day in the life of a software engineer', 'software developer vlog', 'software engineer vlog']",en,False,Building a real startup with Python and JavaScript,UCxX9wt5FWQUAAz4UrysqK9A,CS Dojo,2018-10-19T16:29:04Z,8.0
PLBZBJbE_rGRXBhJNdKbN7IUy-ctlOFxA1,K6WGRBhacq8,5 Debugging Tips Every Developer Should Know | Build a Startup #7,2018-12-22T20:10:32Z,184620,5318,359,PT11M27S,hd,"['debugging', 'problem-solving', 'developer', 'programmer', 'software', 'software development', 'software engineering']",en,False,Building a real startup with Python and JavaScript,UCxX9wt5FWQUAAz4UrysqK9A,CS Dojo,2018-10-19T16:29:04Z,8.0
PLBZBJbE_rGRXBhJNdKbN7IUy-ctlOFxA1,RwOC7onT48Y,I Created a New Q&A Website for Coders with Python | Devlog #1,2020-04-23T02:06:57Z,159278,4305,432,PT8M16S,hd,"['python', 'coding', 'development', 'python dev', 'python books', 'python project', 'coders', 'learn to code', 'python tutorial', 'python tutorial beginner']",en,False,Building a real startup with Python and JavaScript,UCxX9wt5FWQUAAz4UrysqK9A,CS Dojo,2018-10-19T16:29:04Z,8.0
PLBZBJbE_rGRXjyO2vQ1W2oigVpr2XA6D6,AIpXjFwVdIE,How Google Translate Works - The Machine Learning Algorithm Explained!,2019-02-14T03:20:31Z,85394,2528,91,PT15M3S,hd,"['how google translate works video', 'how google translation works', 'how does google translate work algorithm', 'how does google translation work algorithm', 'machine learning', 'ml', 'artificial intelligence', 'ai']",en,False,Videos from Our Other Channels,UCxX9wt5FWQUAAz4UrysqK9A,CS Dojo,2018-06-19T15:45:58Z,4.0
PLBZBJbE_rGRXjyO2vQ1W2oigVpr2XA6D6,T03Fw1kj3B8,10 Machine Learning Interview Questions - ANSWERED,2019-01-01T02:30:44Z,66727,1492,41,PT11M59S,hd,"['machine learning', 'data science', 'machine learning interview quesitons and answers', 'data science interview questions and answers']",en,False,Videos from Our Other Channels,UCxX9wt5FWQUAAz4UrysqK9A,CS Dojo,2018-06-19T15:45:58Z,4.0
PLBZBJbE_rGRXjyO2vQ1W2oigVpr2XA6D6,1l9IMXd33K4,How To Beat Any Maze!,2018-06-05T22:36:48Z,60715,2284,218,PT2M44S,hd,"['maze', 'problem solving', 'puzzle', 'puzlzes', 'puzzles', 'cs dojo', 'csdojo']",en,False,Videos from Our Other Channels,UCxX9wt5FWQUAAz4UrysqK9A,CS Dojo,2018-06-19T15:45:58Z,4.0
PLBZBJbE_rGRXjyO2vQ1W2oigVpr2XA6D6,Ih89cuYD6Y4,"1 Simple Trick to Stop Procrastinating, Explained in 2 Minutes",2018-06-19T05:32:25Z,32821,1877,88,PT2M20S,hd,,en,False,Videos from Our Other Channels,UCxX9wt5FWQUAAz4UrysqK9A,CS Dojo,2018-06-19T15:45:58Z,4.0
PLBZBJbE_rGRV8D7XZ08LK6z-4zPoWzu5H,bum_19loj9A,Data Structures & Algorithms #1 - What Are Data Structures?,2018-03-12T05:19:30Z,2121210,43379,1031,PT16M35S,hd,"['data structures and algorithms', 'data structures and algorithms tutorial', 'data structures tutorial', 'algorithms tutorial', 'linked lists', 'arrays', 'hash maps', 'hash tables', 'java', 'python', 'brilliant sponsor', 'brilliant.org']",en,False,Data Structures and Algorithms,UCxX9wt5FWQUAAz4UrysqK9A,CS Dojo,2018-03-16T23:45:47Z,13.0
PLBZBJbE_rGRV8D7XZ08LK6z-4zPoWzu5H,pmN9ExDf3yQ,An Overview of Arrays and Memory (Data Structures & Algorithms #2),2018-03-18T04:19:52Z,640405,15272,564,PT20M20S,hd,"['memory', 'ram', 'array', 'data structures and algorithms', 'data structures', 'algorithms', 'brilliant sponsor']",en,False,Data Structures and Algorithms,UCxX9wt5FWQUAAz4UrysqK9A,CS Dojo,2018-03-16T23:45:47Z,13.0
PLBZBJbE_rGRV8D7XZ08LK6z-4zPoWzu5H,8yjkWGRlUmY,Introduction to Classes and Objects - Part 1 (Data Structures & Algorithms #3),2018-03-27T04:46:07Z,1087580,29708,1230,PT19M51S,hd,"['classes python', 'objects python', 'object oriented programming python', 'classes java', 'objects java', 'object oriented programming java', 'oop python', 'oop java', 'oop', 'oop tutorial']",en,False,Data Structures and Algorithms,UCxX9wt5FWQUAAz4UrysqK9A,CS Dojo,2018-03-16T23:45:47Z,13.0
PLBZBJbE_rGRV8D7XZ08LK6z-4zPoWzu5H,4dqlSk_RPmI,Introduction to Classes and Objects - Part 2 (Data Structures & Algorithms #4),2018-04-03T08:38:41Z,382485,9401,416,PT15M4S,hd,"['classes and objects python', 'classes and objects java', 'oop python', 'oop java', 'object oriented programming python', 'object oriented programming java']",en,False,Data Structures and Algorithms,UCxX9wt5FWQUAAz4UrysqK9A,CS Dojo,2018-03-16T23:45:47Z,13.0
PLBZBJbE_rGRV8D7XZ08LK6z-4zPoWzu5H,WwfhLC16bis,Introduction to Linked Lists (Data Structures & Algorithms #5),2018-04-13T06:29:49Z,915319,20929,1042,PT18M47S,hd,"['linked list java', 'linked list python', 'linked list java implementation', 'linked list algorithm', 'data structures and algorithms']",en,False,Data Structures and Algorithms,UCxX9wt5FWQUAAz4UrysqK9A,CS Dojo,2018-03-16T23:45:47Z,13.0
PLBZBJbE_rGRV8D7XZ08LK6z-4zPoWzu5H,B0NtAFf4bvU,Introduction to Recursion (Data Structures & Algorithms #6),2018-04-17T05:49:31Z,635890,12680,732,PT22M37S,hd,"['recursion', 'recursion java', 'recursion python', 'recursion explained']",en,False,Data Structures and Algorithms,UCxX9wt5FWQUAAz4UrysqK9A,CS Dojo,2018-03-16T23:45:47Z,13.0
PLBZBJbE_rGRV8D7XZ08LK6z-4zPoWzu5H,D6xkbGLQesk,Introduction to Big O Notation and Time Complexity (Data Structures & Algorithms #7),2018-05-14T04:36:32Z,1960584,45756,1555,PT36M22S,hd,"['big o notation', 'big o notation tutorial', 'big o notation explained', 'time complexity', 'time complexity tutorial', 'time complexity explained', 'big o notation python', 'big o notation java']",en,False,Data Structures and Algorithms,UCxX9wt5FWQUAAz4UrysqK9A,CS Dojo,2018-03-16T23:45:47Z,13.0
PLBZBJbE_rGRV8D7XZ08LK6z-4zPoWzu5H,UNWSdgaPkwY,Resources for Learning Data Structures and Algorithms (Data Structures & Algorithms #8),2018-08-07T04:39:29Z,710913,23515,605,PT3M36S,hd,"['data structures and algorithms', 'data structures resources', 'algorithms resources']",en,False,Data Structures and Algorithms,UCxX9wt5FWQUAAz4UrysqK9A,CS Dojo,2018-03-16T23:45:47Z,13.0
PLBZBJbE_rGRV8D7XZ08LK6z-4zPoWzu5H,1-l_UOFi1Xw,Introduction to Trees (Data Structures & Algorithms #9),2020-07-25T05:04:05Z,294619,6572,307,PT10M30S,hd,,en,False,Data Structures and Algorithms,UCxX9wt5FWQUAAz4UrysqK9A,CS Dojo,2018-03-16T23:45:47Z,13.0
PLBZBJbE_rGRV8D7XZ08LK6z-4zPoWzu5H,6ysjqCUv3K4,Introduction to Binary Search (Data Structures & Algorithms #10),2020-08-08T00:48:21Z,231502,5786,283,PT14M23S,hd,,en,False,Data Structures and Algorithms,UCxX9wt5FWQUAAz4UrysqK9A,CS Dojo,2018-03-16T23:45:47Z,13.0
PLBZBJbE_rGRV8D7XZ08LK6z-4zPoWzu5H,0SkOjNaO1XY,A Complete Overview of Quicksort (Data Structures & Algorithms #11),2020-08-23T03:43:43Z,211788,5396,282,PT24M19S,hd,"['quicksort explained', 'quick sort explained']",en,False,Data Structures and Algorithms,UCxX9wt5FWQUAAz4UrysqK9A,CS Dojo,2018-03-16T23:45:47Z,13.0
PLBZBJbE_rGRV8D7XZ08LK6z-4zPoWzu5H,A3ZUpyrnCbM,Introduction to Stacks and Queues (Data Structures & Algorithms #12),2020-10-16T01:59:50Z,236721,5852,203,PT16M30S,hd,,en,False,Data Structures and Algorithms,UCxX9wt5FWQUAAz4UrysqK9A,CS Dojo,2018-03-16T23:45:47Z,13.0
PLBZBJbE_rGRV8D7XZ08LK6z-4zPoWzu5H,sfWyugl4JWA,Introduction to Hash Tables and Dictionaries (Data Structures & Algorithms #13),2020-10-29T04:04:53Z,333594,8235,393,PT18M40S,hd,,en,False,Data Structures and Algorithms,UCxX9wt5FWQUAAz4UrysqK9A,CS Dojo,2018-03-16T23:45:47Z,13.0
PLBZBJbE_rGRWeh5mIBhD-hhDwSEDxogDg,Z1Yd7upQsXY,Python Tutorial for Absolute Beginners #1 - What Are Variables?,2017-12-26T14:57:53Z,8769508,193880,8325,PT24M38S,hd,"['python', 'python tutorial', 'programming', 'coding', 'coding tutorial for beginners', 'programming tutorial for beginners', 'javascript tutorial for beginners', 'java tutorial for beginners', 'C++ tutorial for beginners', 'python variables']",en,False,Python Tutorials for Absolute Beginners by CS Dojo,UCxX9wt5FWQUAAz4UrysqK9A,CS Dojo,2017-12-26T16:36:39Z,16.0
PLBZBJbE_rGRWeh5mIBhD-hhDwSEDxogDg,AWek49wXGzI,How to Use If Else Statements in Python (Python Tutorial #2),2018-01-02T20:29:12Z,2358312,49899,2672,PT19M45S,hd,"['python tutorial', 'if else statements', 'how to use if else statements', 'conditional statements python', 'conditional statemets', 'conditionals']",en,False,Python Tutorials for Absolute Beginners by CS Dojo,UCxX9wt5FWQUAAz4UrysqK9A,CS Dojo,2017-12-26T16:36:39Z,16.0
PLBZBJbE_rGRWeh5mIBhD-hhDwSEDxogDg,NSbOtYzIQI0,How To Use Functions In Python (Python Tutorial #3),2018-01-09T04:07:29Z,2327098,39143,2762,PT14M55S,hd,"['python function', 'python tutorial function', 'python tutorial for beginners']",en,False,Python Tutorials for Absolute Beginners by CS Dojo,UCxX9wt5FWQUAAz4UrysqK9A,CS Dojo,2017-12-26T16:36:39Z,16.0
PLBZBJbE_rGRWeh5mIBhD-hhDwSEDxogDg,tw7ror9x32s,Introduction To Lists In Python (Python Tutorial #4),2018-01-13T06:05:19Z,1209356,21219,1301,PT9M55S,hd,"['python lists', 'python list', 'python 3 list', 'how to use python lists', 'how to use python list']",en,False,Python Tutorials for Absolute Beginners by CS Dojo,UCxX9wt5FWQUAAz4UrysqK9A,CS Dojo,2017-12-26T16:36:39Z,16.0
PLBZBJbE_rGRWeh5mIBhD-hhDwSEDxogDg,OnDr4J2UXSA,Introduction to For Loops in Python (Python Tutorial #5),2018-01-16T02:43:15Z,1628775,27410,3968,PT10M22S,hd,"['for loops', 'python programming', 'tutorial for beginners']",en,False,Python Tutorials for Absolute Beginners by CS Dojo,UCxX9wt5FWQUAAz4UrysqK9A,CS Dojo,2017-12-26T16:36:39Z,16.0
PLBZBJbE_rGRWeh5mIBhD-hhDwSEDxogDg,6TEGxJXLAWQ,While Loops and The Break Statement in Python (Python Tutorial #6),2018-01-19T00:39:39Z,752901,10434,1774,PT13M19S,hd,"['while loop', 'while loops', 'break statement', 'the break statement']",en,False,Python Tutorials for Absolute Beginners by CS Dojo,UCxX9wt5FWQUAAz4UrysqK9A,CS Dojo,2017-12-26T16:36:39Z,16.0
PLBZBJbE_rGRWeh5mIBhD-hhDwSEDxogDg,iVyWLmQ0QYA,More About For Loops in Python & Solutions to the Last 2 Problems (Python Tutorial #7),2018-01-26T00:27:30Z,460796,6833,548,PT8M34S,hd,,en,False,Python Tutorials for Absolute Beginners by CS Dojo,UCxX9wt5FWQUAAz4UrysqK9A,CS Dojo,2017-12-26T16:36:39Z,16.0
PLBZBJbE_rGRWeh5mIBhD-hhDwSEDxogDg,ZEZdys-fHDw,How To Use Dictionaries In Python (Python Tutorial #8),2018-01-31T23:23:44Z,467419,6560,359,PT6M58S,hd,"['python', 'dictionaries', 'python 3', 'dictionary']",en,False,Python Tutorials for Absolute Beginners by CS Dojo,UCxX9wt5FWQUAAz4UrysqK9A,CS Dojo,2017-12-26T16:36:39Z,16.0
PLBZBJbE_rGRWeh5mIBhD-hhDwSEDxogDg,wfcWRAxRVBA,Classes and Objects with Python - Part 1 (Python Tutorial #9),2018-03-28T06:38:13Z,1500893,29291,1310,PT11M36S,hd,"['object oriented programming tutorial python', 'object oriented programming python', 'python classes and objects', 'cs dojo python']",en,False,Python Tutorials for Absolute Beginners by CS Dojo,UCxX9wt5FWQUAAz4UrysqK9A,CS Dojo,2017-12-26T16:36:39Z,16.0
PLBZBJbE_rGRWeh5mIBhD-hhDwSEDxogDg,WOwi0h_-dfA,Classes and Objects with Python - Part 2 (Python Tutorial #10),2018-04-06T05:43:34Z,544228,11086,498,PT9M15S,hd,,en,False,Python Tutorials for Absolute Beginners by CS Dojo,UCxX9wt5FWQUAAz4UrysqK9A,CS Dojo,2017-12-26T16:36:39Z,16.0
PLBZBJbE_rGRWeh5mIBhD-hhDwSEDxogDg,r526yum0EYQ,Using Boolean in Python (Python Tutorial #11),2018-06-01T19:29:20Z,294303,4638,314,PT8M14S,hd,"['python', 'boolean', 'python boolean tutorial', 'tutorial']",en,False,Python Tutorials for Absolute Beginners by CS Dojo,UCxX9wt5FWQUAAz4UrysqK9A,CS Dojo,2017-12-26T16:36:39Z,16.0
PLBZBJbE_rGRWeh5mIBhD-hhDwSEDxogDg,5K08WcjGV6c,List Comprehension Basics with Python (Python Tutorial #12),2018-07-20T23:00:34Z,243735,4971,311,PT7M21S,hd,"['python list comprehension', 'list comprehension python', 'list comprehension', 'list comprehensions']",en-US,False,Python Tutorials for Absolute Beginners by CS Dojo,UCxX9wt5FWQUAAz4UrysqK9A,CS Dojo,2017-12-26T16:36:39Z,16.0
PLBZBJbE_rGRWeh5mIBhD-hhDwSEDxogDg,2u_ZExcNBzA,How To Use Sets in Python (Python Tutorial #13),2018-08-03T04:36:11Z,197184,3390,302,PT8M13S,hd,"['python 3', 'python tutorial', 'python tutorial set', 'python tutorial sets']",en,False,Python Tutorials for Absolute Beginners by CS Dojo,UCxX9wt5FWQUAAz4UrysqK9A,CS Dojo,2017-12-26T16:36:39Z,16.0
PLBZBJbE_rGRWeh5mIBhD-hhDwSEDxogDg,lx7oqZ7Nl3k,6 Python Exercise Problems for Beginners - from CodingBat (Python Tutorial #14),2018-08-09T00:15:39Z,765166,15683,477,PT20M16S,hd,"['python exercise problems', 'python problems']",en,False,Python Tutorials for Absolute Beginners by CS Dojo,UCxX9wt5FWQUAAz4UrysqK9A,CS Dojo,2017-12-26T16:36:39Z,16.0
PLBZBJbE_rGRWeh5mIBhD-hhDwSEDxogDg,W0wWwglE1Vc,How To Create A Twitter Bot With Python | Build a Startup #4,2018-11-10T03:41:44Z,467926,9203,585,PT35M48S,hd,"['twitter bot python', 'instagram bot python', 'build a startup', 'edit dojo', 'python tutorial #15', 'python tutorial 15', 'csdojo', 'cs dojo', 'python scripts', 'python automation', 'automate', 'automate boring stuff with python']",en,False,Python Tutorials for Absolute Beginners by CS Dojo,UCxX9wt5FWQUAAz4UrysqK9A,CS Dojo,2017-12-26T16:36:39Z,16.0
PLBZBJbE_rGRWeh5mIBhD-hhDwSEDxogDg,RwOC7onT48Y,I Created a New Q&A Website for Coders with Python | Devlog #1,2020-04-23T02:06:57Z,159278,4305,432,PT8M16S,hd,"['python', 'coding', 'development', 'python dev', 'python books', 'python project', 'coders', 'learn to code', 'python tutorial', 'python tutorial beginner']",en,False,Python Tutorials for Absolute Beginners by CS Dojo,UCxX9wt5FWQUAAz4UrysqK9A,CS Dojo,2017-12-26T16:36:39Z,16.0
PLBZBJbE_rGRX34xJpiFrEz0jKLx53Ph_Q,mElVGah7Epg,How I Learned to Code - and Got a Job at Google!,2017-11-30T04:58:47Z,4721037,152030,3342,PT4M58S,hd,"['how to learn to code', 'how to learn programming', 'how to teach yourself programming', 'how to get a job at google', 'programming online resources', 'how to teach yourself coding', 'how I learned coding', 'programming', 'coding', 'computer science', 'cs', 'java', 'python', 'ruby', 'php', 'C++']",en,False,How to Learn to Code by CS Dojo,UCxX9wt5FWQUAAz4UrysqK9A,CS Dojo,2017-12-17T05:10:40Z,6.0
PLBZBJbE_rGRX34xJpiFrEz0jKLx53Ph_Q,WKuNWrxuJ9g,"How to Learn to Code - Best Resources, How to Choose a Project, and more!",2018-01-27T07:23:05Z,2533737,93177,1924,PT13M5S,hd,"['how to learn coding', 'how to learn programming', 'how to teach yourself coding', 'how to teach yourself programming', 'how to learn to code', 'how to learn to program', 'programming learning resources', 'coding learning resources', 'how to learn programming for beginners', 'how to learn coding for beginners', 'how to learn code', 'how to learn code for beginners', 'how to learn to code for beginners', 'java', 'python', 'javascript']",en,False,How to Learn to Code by CS Dojo,UCxX9wt5FWQUAAz4UrysqK9A,CS Dojo,2017-12-17T05:10:40Z,6.0
PLBZBJbE_rGRX34xJpiFrEz0jKLx53Ph_Q,poJfwre2PIs,What Programming Language Should I Learn First?,2018-01-18T01:16:19Z,2108620,65603,2914,PT5M31S,hd,"['programming languages', 'what programming language should I learn first', 'python', 'javascript', 'C++', 'java', 'backend code', 'front end code']",en,False,How to Learn to Code by CS Dojo,UCxX9wt5FWQUAAz4UrysqK9A,CS Dojo,2017-12-17T05:10:40Z,6.0
PLBZBJbE_rGRX34xJpiFrEz0jKLx53Ph_Q,34sxyECkEkw,Computer Science vs Software Engineering - Which One Is A Better Major?,2018-02-16T08:26:55Z,1537010,38704,1771,PT10M15S,hd,"['computer science vs software engineering', 'software engineer', 'how to become a software engineer', 'a day in the life of a software engineer', 'difference between computer science and software engineering majors', 'which is better', 'software development', 'software developer', 'software developers']",en,False,How to Learn to Code by CS Dojo,UCxX9wt5FWQUAAz4UrysqK9A,CS Dojo,2017-12-17T05:10:40Z,6.0
PLBZBJbE_rGRX34xJpiFrEz0jKLx53Ph_Q,wgiW1uFZYr8,"Top 5 Programming Languages to Learn to Get a Job at Google, Facebook, Microsoft, etc.",2017-11-25T22:44:41Z,2911735,85517,3834,PT7M41S,hd,"['which programming language to learn first', 'what programming language to learn first', 'top programming languages 2017', 'top programming languages 2018', 'top programming languages 2019', 'top programming languages 2020', 'what programming language should I learn first', 'which programming language should I learn first', 'python', 'ruby', 'swift', 'Java', 'kotlin', 'SQL', 'golang', 'go', 'javascript']",en,False,How to Learn to Code by CS Dojo,UCxX9wt5FWQUAAz4UrysqK9A,CS Dojo,2017-12-17T05:10:40Z,6.0
PLBZBJbE_rGRX34xJpiFrEz0jKLx53Ph_Q,Z1Yd7upQsXY,Python Tutorial for Absolute Beginners #1 - What Are Variables?,2017-12-26T14:57:53Z,8769508,193880,8325,PT24M38S,hd,"['python', 'python tutorial', 'programming', 'coding', 'coding tutorial for beginners', 'programming tutorial for beginners', 'javascript tutorial for beginners', 'java tutorial for beginners', 'C++ tutorial for beginners', 'python variables']",en,False,How to Learn to Code by CS Dojo,UCxX9wt5FWQUAAz4UrysqK9A,CS Dojo,2017-12-17T05:10:40Z,6.0
PLBZBJbE_rGRXorsjEaXiyAm0OPUPcQJlI,4KcMdH8qiuk,"Why I Left My $100,000+ Job at Google",2017-11-07T02:01:02Z,5903807,203271,9041,PT3M,hd,"['why I left buzzfeed', 'why I left youtube', 'why I left google', '100k job', 'jobs that pay 100000 dollars or more', 'how to get a job at google', ""what it's like to work at google"", 'how to get an internship at google', 'internship google', 'why I left microsoft', 'cs dojo']",en,False,Cracking the Tech Career,UCxX9wt5FWQUAAz4UrysqK9A,CS Dojo,2017-11-01T18:04:16Z,4.0
PLBZBJbE_rGRXorsjEaXiyAm0OPUPcQJlI,UPO-9iMjBpc,How I Got a Job at Google as a Software Engineer (without a Computer Science Degree!),2017-11-02T00:38:19Z,1457756,64629,1809,PT5M6S,hd,"['how to get a job at google', 'how to work at google', 'are you smart enough to work at google', 'how to get a job at microsoft', 'how to get a job at facebook', 'how to get a job at amazon', 'how to get a job at palantir', 'how I got an internship at google', 'how I got my job at buzzfeed']",en,False,Cracking the Tech Career,UCxX9wt5FWQUAAz4UrysqK9A,CS Dojo,2017-11-01T18:04:16Z,4.0
PLBZBJbE_rGRXorsjEaXiyAm0OPUPcQJlI,uPOJ1PR50ag,"Think you're not smart enough to work at Google? Well, think again.",2017-10-03T04:51:28Z,1443079,55460,1307,PT1M51S,hd,"['are you smart enough to work at google', 'how to get a job at google', 'software developer intern google', 'google tokyo', 'google montreal', 'how to work at google', ""what it's like to work at google"", 'how to get a software developer job', 'how to get a software engineer job', 'how to become a software engineer']",en,False,Cracking the Tech Career,UCxX9wt5FWQUAAz4UrysqK9A,CS Dojo,2017-11-01T18:04:16Z,4.0
PLBZBJbE_rGRXorsjEaXiyAm0OPUPcQJlI,pfNUwUo9LWw,How I Got an Internship at Microsoft,2017-10-24T20:10:08Z,284467,10601,336,PT4M59S,hd,"['how to get an internship', 'how to get a job at microsoft', 'microsoft data science internship', 'microsoft data scientist internship', 'how to become a data scientist', 'how to get a job in data science', 'microsoft interview questions and answers', 'microsoft internship', 'google internship', 'how to get an internship at google', 'how I got an internship at Google']",en,False,Cracking the Tech Career,UCxX9wt5FWQUAAz4UrysqK9A,CS Dojo,2017-11-01T18:04:16Z,4.0
PLBZBJbE_rGRVnpitdvpdY9952IsKMDuev,qli-JCrSwuk,Facebook Coding Interview Question - How Many Ways to Decode This Message?,2018-07-14T05:19:41Z,499467,7830,547,PT16M36S,hd,"['facebook coding interview', 'facebook programming interview', 'facebook coding interview question and answer', 'facebook programming interview question and answer']",en-US,False,Coding Interview Questions and Answers,UCxX9wt5FWQUAAz4UrysqK9A,CS Dojo,2017-04-30T21:59:40Z,14.0
PLBZBJbE_rGRVnpitdvpdY9952IsKMDuev,5o-kdjv7FD0,Amazon Coding Interview Question - Recursive Staircase Problem,2018-05-26T01:23:27Z,1559150,23055,1396,PT20M1S,hd,"['amazon coding interview question and answer', 'amazon programming interview question and answer', 'coding interview question and answer', 'programming interview question and answer', 'programming interview', 'coding interview']",en,False,Coding Interview Questions and Answers,UCxX9wt5FWQUAAz4UrysqK9A,CS Dojo,2017-04-30T21:59:40Z,14.0
PLBZBJbE_rGRVnpitdvpdY9952IsKMDuev,lD-LuK_VGZI,"Problem Solving Technique #1 for Coding Interviews with Google, Amazon, Microsoft, Facebook, etc.",2017-09-13T20:59:44Z,366913,7547,233,PT5M53S,hd,"['coding interview questions and answers', 'google coding interview question', 'coding interview google', 'coding interview amazon', 'coding interview facebook', 'coding interview microsoft', 'programming interview questions and answers', 'programming interview', 'programming interview google', 'programming interview amazon', 'programming interview microsoft', 'programming interview facebook', 'coding interview tip', 'programming interview tip', 'coding interview']",en,False,Coding Interview Questions and Answers,UCxX9wt5FWQUAAz4UrysqK9A,CS Dojo,2017-04-30T21:59:40Z,14.0
PLBZBJbE_rGRVnpitdvpdY9952IsKMDuev,uQdy914JRKQ,How to Crack a Google Coding Interview - An Ex-Googler’s Guide,2017-10-12T19:29:46Z,721634,11050,618,PT15M7S,hd,"['cracking the coding interview', 'coding interview question and answer', 'google coding interview question and answer', 'programming interview question and answer', 'google programming interview questions and answer', 'how to get a job at google', 'how to work at google', 'cracking the coding interview 150 programming questions and solutions', 'cracking the coding interview review', 'cracking the coding interview 6th edition pdf download', 'cracking the coding interview 7th edition']",en,False,Coding Interview Questions and Answers,UCxX9wt5FWQUAAz4UrysqK9A,CS Dojo,2017-04-30T21:59:40Z,14.0
PLBZBJbE_rGRVnpitdvpdY9952IsKMDuev,eaYX0Ee0Kcg,Amazon Coding Interview Question - K Closest Points to the Origin,2017-10-19T21:14:28Z,482486,6687,486,PT10M1S,hd,"['amazon coding interview question and answer', 'amazon programming interview question and answer', 'amazon interview questions and answers', 'amazon interview question', 'how to get a job at amazon', 'amazon software engineer interview questions', 'amazon software developer interview questions', 'amazon sde interview questions']",en,False,Coding Interview Questions and Answers,UCxX9wt5FWQUAAz4UrysqK9A,CS Dojo,2017-04-30T21:59:40Z,14.0
PLBZBJbE_rGRVnpitdvpdY9952IsKMDuev,GJdiM-muYqc,Google Coding Interview Question and Answer #1: First Recurring Character,2017-09-19T05:17:47Z,2017536,29111,1792,PT6M35S,hd,"['google coding interview question', 'google coding interview problem', 'google programming interview question', 'google programming interview problem', 'google interview question', 'google interview problem', 'amazon coding interview question', 'amazon programming interview question', 'google coding interview question and answer', 'microsoft coding interview question', 'software engineer interview questions', 'software developer interview questions']",en,False,Coding Interview Questions and Answers,UCxX9wt5FWQUAAz4UrysqK9A,CS Dojo,2017-04-30T21:59:40Z,14.0
PLBZBJbE_rGRVnpitdvpdY9952IsKMDuev,5dJSZLmDsxk,Amazon Coding Interview: Count Negative Integers in Row/Column-Wise Sorted Matrix,2016-03-17T21:18:50Z,235620,2695,234,PT4M6S,sd,"['amazon', 'coding interviews', 'coding interview questions and answers', 'matrix', 'geeks for geeks', 'geeksforgeeks']",,False,Coding Interview Questions and Answers,UCxX9wt5FWQUAAz4UrysqK9A,CS Dojo,2017-04-30T21:59:40Z,14.0
PLBZBJbE_rGRVnpitdvpdY9952IsKMDuev,bGC2fNALbNU,Facebook Coding Interview Question and Answer #1: All Subsets of a Set,2017-10-02T20:59:23Z,468623,5207,486,PT10M58S,hd,"['facebook coding interview questions and answers', 'facebook programming interview question', 'facebook software engineer interview questions', 'coding interview questions', 'google coding interview question', 'amazon coding interview question', 'print all sets of a set', 'how to get a job at facebook', 'how to get a job as a software engineer', 'facebook software devleoper interview questions']",en,False,Coding Interview Questions and Answers,UCxX9wt5FWQUAAz4UrysqK9A,CS Dojo,2017-04-30T21:59:40Z,14.0
PLBZBJbE_rGRVnpitdvpdY9952IsKMDuev,GnliEfQo114,Microsoft Coding Interview Question and Answer: Lowest Common Ancestor,2016-10-23T19:56:00Z,84530,816,51,PT7M5S,sd,"['lca', 'lowest common ancestor', 'microsoft', 'coding interview', 'programming interview']",,False,Coding Interview Questions and Answers,UCxX9wt5FWQUAAz4UrysqK9A,CS Dojo,2017-04-30T21:59:40Z,14.0
PLBZBJbE_rGRVnpitdvpdY9952IsKMDuev,pnzZzbQ3ZAY,4 Hacks for Finding the Optimal Answer in Coding Interview QUICKLY!,2016-03-05T08:08:34Z,162886,2756,94,PT5M38S,sd,"['coding interview', 'technical interview', 'maximum subarray', 'maximum subarray problem', ""Kadane's algorithm""]",,False,Coding Interview Questions and Answers,UCxX9wt5FWQUAAz4UrysqK9A,CS Dojo,2017-04-30T21:59:40Z,14.0
PLBZBJbE_rGRVnpitdvpdY9952IsKMDuev,CoI4S7z1E1Y,Coding Interview: Can You RANDOMLY Reorder Array in O(N)?,2017-04-01T00:19:37Z,80756,1317,120,PT8M2S,hd,"['coding interview question and answer', 'random permutation of array', 'fisher-yates algorithm', 'knuth algorithm', 'programming interview']",en,False,Coding Interview Questions and Answers,UCxX9wt5FWQUAAz4UrysqK9A,CS Dojo,2017-04-30T21:59:40Z,14.0
PLBZBJbE_rGRVnpitdvpdY9952IsKMDuev,qRNB8CV3_LU,Coding Interview Question and Answer: Longest Consecutive Characters,2017-03-28T06:04:04Z,83391,1149,77,PT4M43S,hd,"['coding interview', 'amazon coding interview']",,False,Coding Interview Questions and Answers,UCxX9wt5FWQUAAz4UrysqK9A,CS Dojo,2017-04-30T21:59:40Z,14.0
PLBZBJbE_rGRVnpitdvpdY9952IsKMDuev,kHWy5nEfRIQ,Coding Interview Question: Tower Hopper Problem,2017-05-03T20:15:27Z,142036,1965,239,PT14M17S,hd,"['coding interview', 'programming interview', 'coding interview questions and answers', 'dynamic programming', 'graph', 'grass hopper', 'amazon coding interview', 'microsoft coding interview', 'google coding interview', 'facebook coding interview']",en,False,Coding Interview Questions and Answers,UCxX9wt5FWQUAAz4UrysqK9A,CS Dojo,2017-04-30T21:59:40Z,14.0
PLBZBJbE_rGRVnpitdvpdY9952IsKMDuev,nqlNzOcnCfs,Dynamic Programming Interview Question #1 - Find Sets Of Numbers That Add Up To 16,2018-01-05T20:01:02Z,457015,6481,419,PT20M6S,hd,"['dynamic programming', 'coding interview question and answer', 'programming interview question and answer', 'dynamic programming tutorial', 'software engineer interview question and answer', 'coding interview', 'programming interview', 'cracking the coding interview']",en,False,Coding Interview Questions and Answers,UCxX9wt5FWQUAAz4UrysqK9A,CS Dojo,2017-04-30T21:59:40Z,14.0
PLBZBJbE_rGRU5PrgZ9NBHJwcaZsNpf8yD,vYquumk4nWw,What Is Dynamic Programming and How To Use It,2017-12-14T01:59:53Z,1526611,39516,1591,PT14M28S,hd,"['dynamic programming tutorial', 'dynamic programming', 'dynamic programming introduction', 'dp', 'dp tutorial', 'fibonacci sequence', 'dynamic programming fibonacci sequence', 'fibonacci', 'dynamic programming fibonacci sequence tutorial']",en,False,Dynamic Programming Tutorial Series,UCxX9wt5FWQUAAz4UrysqK9A,CS Dojo,2016-03-11T21:32:19Z,4.0
PLBZBJbE_rGRU5PrgZ9NBHJwcaZsNpf8yD,xOlhR_2QCXY,0-1 Knapsack Problem (Dynamic Programming),2016-03-13T02:58:15Z,455216,5188,250,PT9M20S,sd,"['knapsack problem', '0-1 knapsack', 'knapsack', 'dynamic programming tutorial', 'dynamic programming']",,False,Dynamic Programming Tutorial Series,UCxX9wt5FWQUAAz4UrysqK9A,CS Dojo,2016-03-11T21:32:19Z,4.0
PLBZBJbE_rGRU5PrgZ9NBHJwcaZsNpf8yD,Qf5R-uYQRPk,Longest Common Subsequence (Dynamic Programming),2016-03-11T21:32:39Z,133674,2164,116,PT10M13S,sd,"['dynamic programming', 'longest commong subsequence', 'lcs', 'dynamic programming tutorial']",,False,Dynamic Programming Tutorial Series,UCxX9wt5FWQUAAz4UrysqK9A,CS Dojo,2016-03-11T21:32:19Z,4.0
PLBZBJbE_rGRU5PrgZ9NBHJwcaZsNpf8yD,nqlNzOcnCfs,Dynamic Programming Interview Question #1 - Find Sets Of Numbers That Add Up To 16,2018-01-05T20:01:02Z,457015,6481,419,PT20M6S,hd,"['dynamic programming', 'coding interview question and answer', 'programming interview question and answer', 'dynamic programming tutorial', 'software engineer interview question and answer', 'coding interview', 'programming interview', 'cracking the coding interview']",en,False,Dynamic Programming Tutorial Series,UCxX9wt5FWQUAAz4UrysqK9A,CS Dojo,2016-03-11T21:32:19Z,4.0
,XiuSW_mEn7g,Radix Sort Algorithm Introduction in 5 Minutes,2017-03-26T21:47:49Z,273988,4790,113,PT4M39S,hd,,,False,,,,,
,kLZuut1fYzQ,What Can You Do with Python? - The 3 Main Applications,2018-06-22T20:25:38Z,3504781,101682,2247,PT11M30S,hd,"['python application', 'what can you do with python', 'what is python used for', 'python applications', 'python data sciencw', 'python data science', 'python machine learning', 'python scripting', 'python data visualization']",en-US,False,,,,,
,GBuHSRDGZBY,5 Problem Solving Tips for Cracking Coding Interview Questions,2019-02-10T20:23:14Z,1303279,27330,1025,PT19M12S,hd,"['problem solving', 'coding', 'problem solving programming', 'programming', 'java', 'python', 'amazon coding interview', 'microsoft coding interview', 'google coding interview', 'programming interview', 'coding interview', 'programming interview question and answer', 'coding interview question and answer']",en,False,,,,,
,OKd534EWcdk,Learn Counting Sort Algorithm in LESS THAN 6 MINUTES!,2017-03-22T01:17:24Z,296746,4261,184,PT5M59S,hd,"['counting sort', 'stable sort', 'algorithms', 'counting sort algorithm', 'coding interviews', 'programming interviews', 'hacker rank', 'sorting algorithm', 'counting sort example', 'counting sort visual']",,False,,,,,
,a9UrKTVEeZA,"Intro to Data Analysis / Visualization with Python, Matplotlib and Pandas | Matplotlib Tutorial",2018-06-11T22:09:53Z,1432959,30572,795,PT22M1S,hd,"['python data analysis tutorial', 'python data science tutorial', 'python matplotlib tutorial', 'matplot lib tutorial', 'matplotlib tutorial']",en,False,,,,,
,86CQq3pKSUw,Kadane's Algorithm to Maximum Sum Subarray Problem,2016-03-10T00:11:24Z,664102,11144,527,PT11M17S,sd,"['Kadane', ""kadane's"", ""kadane's algorithm"", 'maximum subarray', 'maximum sub subarray']",,False,,,,,
,NwBWW8cNCP4,How To Create A Telegram Bot With Python,2021-05-05T06:45:34Z,587574,12791,469,PT20M23S,hd,,en,False,,,,,
,MkaIrwOlP6Y,How to Get Started with Open Source | A Beginner-Friendly Guide,2022-10-04T05:51:32Z,78079,1815,80,PT22M34S,hd,,en,False,,,,,
,bB3fHB-QTXw,How to Learn AI & ML in 2022 - A Complete Roadmap,2022-04-05T15:11:45Z,144260,4255,121,PT11M54S,hd,,en,False,,,,,
,e0CAbRVYAWg,Dynamic Programming Tutorial with Fibonacci Sequence,2016-03-10T00:04:14Z,68187,1042,40,PT4M23S,sd,"['dynamic programming', 'fibonacci', 'fobonacci sequence', 'fibonacci numbers']",,False,,,,,
,4xFnW9O637g,4 Best Ways to Apply for Software Engineer Jobs,2018-07-27T22:25:01Z,76652,3598,117,PT8M44S,hd,"['how to apply for jobs', 'how to apply for software engineer jobs', 'applying for software developer jobs', 'software development', 'software engineering', 'software engineering jobs', 'software development jobs', 'how to get software developer jobs', 'how to get software development jobs', 'how to get software engineering jobs', 'how to get software engineer jobs']",en,False,,,,,
,0OAu6V1akIU,How I Learned English (didn’t speak it until I was 18),2018-07-04T00:37:12Z,159909,8850,527,PT6M23S,hd,"['how I learned english', 'how to learn english', 'self help', 'self development', 'how to learn any language']",en,False,,,,,
,-1j0_SVaAJM,Python books for beginners? What Python projects to work on? | 2 Python Beginner FAQ’s!,2018-08-04T04:50:38Z,282641,9979,359,PT4M23S,hd,"['python books', 'python projects']",en,False,,,,,
,8ULXqEx6KQc,Best laptops for programming? How to get a job at Google? - And other FAQ’s!,2018-08-18T04:52:52Z,1270766,35191,1660,PT8M35S,hd,"['best laptops for programming', 'macbook air for programming', 'laptops for programming', 'best laptops for coding', 'laptops for coding', 'how to get a job at google', 'how to get a software engineer job at google']",en,False,,,,,
,cZBav4U80yA,A Day In The Life Of A Computer Science Student,2018-06-03T19:45:49Z,210745,4916,494,PT3M46S,hd,"['a day in the life of a computer science student', 'a day in the life of a harvard computer science student', 'a day in the life of a software engineer', 'cs dojo', 'csdojo', 'computer science', 'software engineering', 'computer science vs software engineering', 'coding', 'programming']",en,False,,,,,
,G1aDNHbTkTY,Why I Left Google To Be A YouTuber FULL-TIME (and NOT part-time!),2017-12-07T03:24:30Z,49808,2841,344,PT5M4S,hd,"['why I left my $100000+ job at google', 'how I got a job at Google', 'how to get a job at Google', 'Youtuber', 'youtube', 'why I left buzzfeed', 'programming', 'computer science', 'entrepreneurship', 'why I left google for youtube', 'why I left youtube']",en,False,,,,,
,gFGuQp9Vde8,"How He Got a $240K Software Eng Job, Got Through Depression, and More (ft. Joma Tech)",2019-05-13T06:55:20Z,322987,8020,521,PT22M19S,hd,"['joma tech', 'coding', 'techlead', 'interview', 'csdojo', 'cs dojo', 'software enginereing job', 'software engineering job', 'software engineer job', 'how to get a software engineer job']",en,False,,,,,
,SNao-iAamkI,I'll be taking some time off from this channel.,2018-07-28T00:07:49Z,38179,1499,426,PT55S,hd,"['CS Dojo', 'Hey YK', 'csdojo', 'heyyk']",en,False,,,,,
,7HgsS8bRvjo,Google Coding Interview - Universal Value Tree Problem,2018-08-16T22:50:59Z,178676,3498,201,PT17M11S,hd,"['google coding interview', 'cs dojo', 'csdojo', 'google programming interview', 'google coding interview questions and answers', 'google programming interview questions and answers', 'tree coding interveiw', 'coding interview tree', 'coding interview questions and answers', 'programming interview questions and answer']",en,False,,,,,
,i-MKEOnPyAI,Writing a Python Script to Check If Any ACs Are Available Every 5 Minutes,2021-07-06T00:23:40Z,63139,1870,180,PT12M18S,hd,,en,False,,,,,
,3EoRJR9kxAw,Best Resources for Learning Machine Learning? What Is ML Anyway? Q&A with ML Engineers!,2019-03-06T22:05:22Z,141987,4931,242,PT12M1S,hd,"['machine learning', 'learning resources machine learning', 'what is machine learning', 'data science', 'data science projects', 'machine learning projects', 'machine learning dataset sources', 'data scientists', 'machine learning engineers', 'toronto', 'dessa']",en,False,,,,,
,HdSmIUuGf-I,What Is a Quantum Computer? Explained with a Simple Example,2019-02-26T22:55:17Z,145984,3415,282,PT21M46S,hd,"['quantum computing explained simply', 'quantum computer explained simply', 'quantum computer example', 'quantum computing example', 'computer science', 'quantum computing for computer scientists', 'quantum computing explained in 10 minutes', 'Shohini Ghose', 'quntum computing explained in 20 minutes', 'ted', 'ted talk', 'ted talks', 'tedx talk']",en,False,,,,,
,DxK5nMLShGc,Web Development Essentials 2020 (w/ Chris Castiglione),2020-04-11T06:10:19Z,117544,4308,421,PT23M42S,hd,"['web development 2020', 'web developer', 'python', 'sql', 'javascript', 'django', 'flask', 'react', 'view', 'web dev', 'web dev 2020']",en,False,,,,,
,mxc4cquvRUk,Complete Data Science Career Guide with Former Facebook Data Scientist Joma,2019-04-26T21:18:51Z,119340,3814,178,PT22M25S,hd,"['joma tech', 'data scientist', 'data science', 'data science career guide', 'data scientist career guide', 'how to become a data scientist', 'how to get a job as a data scientist', 'how to get a job in data science']",en,False,,,,,
,QtEtcXPqRPk,Binary String Addition | Facebook Coding Interview Question & Answer,2021-10-12T00:52:40Z,35544,880,123,PT9M54S,hd,,en,False,,,,,
,RIPdc88dZRI,What My Software Engineer Resume Looks Like,2018-07-26T01:15:36Z,191173,4325,298,PT10M32S,hd,"['software engineer', 'software engineer resume', 'software engineering resume', 'software eng resume', 'software developer resume', 'software development resume', 'programming resume', 'software developer']",en,False,,,,,
,GuYUlIDFDO0,How to GET STUFF DONE When You Don’t Feel Like It!,2019-03-21T03:55:03Z,358740,18290,684,PT6M2S,hd,"['productivity', 'self-help', 'selfhelp', 'self-development', 'selfdevelopment', 'fightmediocrity', 'getshitdone', 'getstuffdone', 'gtd', 'getthings done', 'get things done', 'get shit done', 'procrastination', 'cs dojo', 'csdojo']",en,False,,,,,
,_jgI-j7WLRU,I'm back from my vacation! Plus a few announcements.,2018-10-13T21:23:42Z,49037,2024,340,PT1M37S,hd,"['csdojo', 'cs dojo', 'hey yk', 'heyyk']",en,False,,,,,
,iVq3qcNWayw,5 Tips for Getting a Data Science Job [INTERVIEW],2019-09-30T23:28:27Z,68760,1741,188,PT18M13S,hd,,en,False,,,,,
,uS2YcF404kM,Announcing Our First Meetup (in Toronto) + Discord Server!,2018-11-28T21:29:12Z,24015,564,92,PT1M52S,hd,"['cs dojo', 'csdojo', 'yk sugi', 'yk sugishita', 'announcement', 'dojo', 'discord', 'meetup', 'meet up', 'meet-up', 'server', 'reddit', 'facebook', 'community', 'communities', 'bot', 'python', 'jobs', 'software engineer', 'software developer']",en,False,,,,,
,DPi03dC4yp8,What's It Really Like To Intern At Google? (LIVE with a former Google software engineer intern),2017-12-30T00:51:02Z,23622,858,56,PT45M27S,hd,"['google', 'internship', 'career', 'software engineer intern', 'intern', '#hangoutsonair', 'Hangouts On Air', '#hoa', '#hangoutsonair', 'Hangouts On Air', '#hoa']",en,False,,,,,
,Z9J6KA9prb0,Competitive Programming - Getting Started & Acing It【w/ @PriyanshAgarwal】,2022-06-11T16:55:46Z,25040,858,30,PT1H3M16S,hd,,en,False,,,,,
,Mn3UcNbdneg,"How He Got Multiple Job Offers from FAANG, How to Get Started with a New Codebase (w/ @RahulPandeyrkp)",2022-07-28T16:08:08Z,19979,656,23,PT53M52S,hd,,en,False,,,,,
,Mn3UcNbdneg,"How He Got Multiple Job Offers from FAANG, How to Get Started with a New Codebase (w/ @RahulPandeyrkp)",2022-07-28T16:08:08Z,19979,656,23,PT53M52S,hd,,en,False,,,,,
,5W3oTG3F-Dw,"How They Built A Startup While Traveling ($500,000 / year in revenue)",2019-09-26T02:03:06Z,84677,2011,109,PT26M21S,hd,"['startup', 'csdojo', 'cs dojo', 'javascript', 'python', 'web development', 'web developers', 'canny', 'canny.io', 'entrepreneurship', 'interview']",en,False,,,,,
,qpLlpRn5oJ8,Real Talk with Google Software Engineer,2019-08-02T04:57:19Z,213176,5512,400,PT18M33S,hd,"['google', 'software engineer', 'software engineering', 'software developer', 'software development', 'a day in the life of a software engineer', 'mayuko', 'jane liu', 'lean in', 'sotware engineering practium', 'engineering practicum intern', 'internships', 'internship']",en,False,,,,,
,mw3vhugYWkM,Getting a Tech Job as a Student (How He Got 100+ Offers - w/ @KunalKushwaha),2022-07-18T15:32:58Z,25172,1185,27,PT46M57S,hd,,en,False,,,,,
,DoBhLPVrJWQ,Introverted Developers on Social Media【w/  @francescociulla】,2022-06-30T04:05:43Z,8917,217,18,PT59M4S,hd,,en,False,,,,,
,YkJm0IM1-g8,What Is Competitive Programming and How To Prepare For It (LIVE with Gaurav Sen),2018-01-18T04:06:34Z,80309,2481,175,PT32M5S,hd,"['competitive programming', '#hangoutsonair', 'Hangouts On Air', '#hoa']",en,False,,,,,
